2025-12-06T03:31:02,Entrata
2025-12-08T20:51:12,Uscita
2026-03-01 23:06,Entrata
2026-03-01 23:08,Uscita
2026-03-02 08:00,Entrata
2026-03-02 12:00,Uscita
2026-03-02 13:00,Entrata
2026-03-02 17:00,Uscita
2026-03-03 08:00,Entrata
2026-03-03 12:00,Uscita
2026-03-03 13:00,Entrata
2026-03-03 17:00,Uscita
2026-03-04 08:00,Entrata
2026-03-04 12:56,Uscita
2026-03-05 08:00,Entrata
2026-03-05 12:00,Uscita
2026-03-05 13:00,Entrata
2026-03-05 17:00,Uscita
2026-03-09 08:00,Entrata
2026-03-09 12:00,Uscita
2026-03-10 08:00,Entrata
2026-03-10 12:00,Uscita
2026-03-11 08:00,Entrata
2026-03-11 11:00,Uscita
